gpt2_small_pos,gpt2_small_neg
m11->logits,m11->logits
m0->m2,m0->m1
m0->m1,m0->m2
m9->logits,m0->a4.h8<q>
m0->a4.h8<q>,m9->logits
a11.h0->logits,m0->m4
m0->a3.h5<q>,m0->a3.h5<q>
m0->m4,a11.h0->logits
a1.h8->m2,a1.h8->m2
input->m0,a3.h5->m3
a11.h0->m11,a11.h0->m11
a3.h5->m3,m1->m3
m8->logits,m0->m5
m9->m11,input->m0
m1->m2,a3.h0->m3
m1->m3,m8->logits
a3.h0->m3,m1->a4.h8<q>
m1->a4.h8<q>,m9->m11
m0->m5,m1->m2
a2.h10->m2,m0->m10
m0->m10,a2.h10->m2
m10->logits,m2->a3.h5<q>
m10->m11,a1.h8->a3.h5<q>
a11.h4->logits,a1.h8->a10.h5<q>
m0->m3,a1.h8->a6.h8<q>
a1.h8->a3.h5<q>,a11.h4->logits
a11.h4->m11,a1.h8->a10.h5<k>
m0->m6,a1.h8->a3.h7<k>
a0.h8->m2,a0.h3->m0
a0.h3->m0,m0->m3
a1.h8->a6.h8<q>,a1.h8->a5.h4<q>
a1.h8->a3.h7<k>,a0.h8->m2
m0->logits,a1.h8->a3.h10<q>
m7->logits,m0->m6
a1.h8->a5.h4<q>,m10->logits
a1.h8->a10.h5<q>,m0->a2.h8<v>
m2->m3,a1.h8->a6.h5<q>
a1.h8->a6.h5<q>,m6->m8
m0->a2.h8<v>,a11.h4->m11
a1.h8->a3.h10<q>,m0->logits
m2->a3.h5<q>,a11.h8->logits
m7->m10,m3->m5
m4->m8,a0.h7->m3
a1.h10->m2,m7->m9
a1.h8->a10.h5<k>,m0->m7
input->a0.h3<v>,m7->m10
a4.h8->logits,m0->a1.h3<v>
a0.h7->m0,m10->m11
m0->a10.h5<k>,a1.h8->a3.h10<k>
a0.h7->m3,input->a0.h3<v>
a11.h8->logits,a1.h1->m3
a1.h8->a5.h4<k>,m7->logits
m8->m11,m0->a10.h5<k>
input->a0.h7<q>,a1.h8->a3.h7<q>
input->a0.h6<v>,m3->m4
m3->m5,m0->a3.h7<q>
a1.h8->a2.h11<q>,a3.h0->a4.h8<q>
m0->a3.h7<q>,a1.h8->a9.h3<q>
m0->m7,m10->a11.h0<v>
a1.h2->m2,input->a0.h6<v>
m0->a2.h0<v>,input->a0.h7<q>
a0.h9->a4.h8<q>,a0.h7->m1
m7->m9,m8->m11
m0->a6.h8<q>,a1.h8->a10.h9<q>
m3->m4,a4.h8->logits
m6->m8,m5->m7
a1.h8->a9.h3<q>,m0->a3.h1<k>
a1.h10->a3.h5<q>,a1.h8->a5.h4<k>
a3.h0->a4.h8<q>,m0->a1.h0<q>
input->logits,a1.h8->a3.h9<q>
a7.h4->logits,a2.h6->m2
a1.h1->m3,m3->m9
a1.h8->a3.h10<k>,a2.h3->m3
m5->m7,a1.h10->a3.h5<q>
a2.h6->m2,a1.h8->a2.h11<q>
m0->a1.h3<v>,m0->a1.h3<k>
a1.h8->a10.h9<q>,m1->a10.h5<q>
a0.h7->m1,a0.h9->a4.h8<q>
a1.h8->a4.h8<q>,a7.h4->logits
a0.h6->m2,a3.h10->m3
a1.h8->a3.h7<q>,m4->m8
m1->a3.h5<q>,m10->a11.h8<v>
m10->a11.h0<v>,m3->a4.h8<q>
a1.h8->a3.h9<q>,input->logits
a2.h8->m2,m0->a1.h10<v>
a2.h3->m3,m1->m8
m0->a1.h0<q>,a0.h9->m0
m0->a7.h4<q>,m0->a2.h3<k>
a3.h10->m3,m0->a2.h0<v>
a1.h8->a7.h4<q>,a1.h8->a4.h8<q>
a1.h8->a8.h10<q>,a1.h10->m2
a4.h8->m9,m0->a2.h5<v>
m1->a6.h5<q>,m0->a6.h8<q>
m1->m8,m0->a3.h11<k>
m0->a2.h3<k>,m0->a1.h8<q>
m0->a3.h1<k>,m1->a6.h8<q>
m1->a10.h5<q>,a0.h6->m2
m7->m11,a1.h2->m2
m1->a6.h8<q>,a10.h5->m11
a0.h9->a3.h5<q>,m6->m9
m3->m10,a2.h8->m2
a1.h8->a5.h6<q>,a0.h9->a3.h5<q>
a3.h5->logits,a1.h8->a9.h3<k>
m0->a2.h5<v>,m1->a3.h5<q>
m6->m9,m0->a2.h11<k>
a1.h8->a9.h3<k>,m1->a2.h6<v>
a3.h4->a4.h8<q>,a0.h7->m0
m0->a3.h10<q>,m1->a3.h10<k>
m0->a1.h8<q>,a1.h10->m3
a2.h10->m3,a4.h8->m9
a2.h7->m2,m3->m10
a1.h8->a6.h8<k>,m0->a6.h5<k>
input->a4.h8<q>,m1->a3.h10<q>
a1.h10->m3,input->a4.h8<q>
a0.h3->m1,m1->a6.h5<q>
a0.h1->a4.h8<q>,a0.h1->a4.h8<q>
a10.h5->m11,a1.h8->a10.h9<k>
a3.h5->a4.h8<q>,a1.h8->a8.h10<q>
m1->a3.h10<k>,a2.h3->a4.h8<q>
m1->a3.h10<q>,m3->m7
a2.h3->a4.h8<q>,a0.h10->m3
m1->m6,m7->m11
a3.h10->a4.h8<q>,m0->a3.h10<q>
a2.h6->a4.h8<q>,a1.h8->a6.h8<k>
m0->a1.h3<k>,a2.h6->a4.h8<q>
a0.h10->m3,a3.h4->a4.h8<q>
a1.h8->a3.h2<q>,a3.h5->logits
m1->a5.h4<q>,a3.h5->a4.h8<q>
a1.h8->m1,m1->a5.h4<q>
m3->m9,a0.h5->m3
m5->m8,a10.h0->logits
m1->a2.h6<v>,a1.h8->a3.h2<q>
a0.h5->m3,a1.h8->a5.h6<q>
m0->a6.h5<q>,m2->m3
m10->a11.h8<v>,a0.h8->m0
a1.h1->a3.h5<q>,m1->a10.h5<k>
m2->m7,m4->m7
m4->m7,m1->m9
a0.h8->m3,a0.h3->m1
m1->a11.h8<k>,a1.h6->m2
m0->a1.h10<v>,a0.h9->m2
m0->a6.h6<q>,a1.h1->a3.h5<q>
a1.h6->m2,m1->a3.h9<q>
m0->a4.h6<v>,a3.h10->a4.h8<q>
a0.h9->m2,a2.h1->a4.h8<q>
a7.h4->m11,a1.h8->a7.h4<q>
a2.h10->logits,m0->a2.h11<v>
m0->a1.h1<v>,a2.h10->m3
m3->m11,a1.h10->m1
a0.h6->m0,m6->m7
m0->a3.h11<k>,m8->m9
a1.h10->a5.h4<q>,a0.h1->m3
m3->a4.h8<q>,m0->a7.h4<q>
m0->a5.h6<q>,m3->m11
m7->m8,a1.h8->a6.h0<q>
a1.h8->a5.h6<k>,m0->a6.h6<q>
a0.h10->a4.h8<q>,a0.h10->m0
m0->a2.h6<k>,a1.h8->a8.h7<q>
m3->m7,a4.h8->m5
m6->m10,a2.h1->m2
a1.h8->a6.h0<q>,input->a3.h8<k>
m1->a3.h9<q>,a7.h4->m11
a0.h6->m3,a1.h8->m1
m0->a3.h9<q>,m0->a9.h3<k>
a0.h3->m9,m1->m6
m0->a5.h4<q>,a0.h4->m3
m1->a9.h3<q>,a1.h8->a6.h3<q>
m0->a9.h3<k>,m1->a11.h8<k>
a2.h6->logits,a0.h7->m8
a2.h6->m3,a1.h10->a5.h4<q>
a1.h10->a6.h5<q>,a1.h8->a3.h6<k>
m1->a10.h5<k>,a0.h3->m9
a4.h6->m7,a9.h8->logits
a0.h8->m0,a0.h10->a4.h8<q>
input->a0.h5<q>,a3.h8->m3
m1->a8.h10<q>,a10.h5->logits
a0.h7->m8,a1.h10->a10.h5<k>
m0->a1.h11<q>,a0.h6->m3
a1.h4->m2,a1.h10->a6.h8<q>
a0.h9->m0,m6->m10
a1.h8->a6.h3<q>,m8->m10
a1.h10->m1,a0.h10->a6.h8<q>
a1.h10->a6.h8<q>,a4.h6->m7
a1.h10->a10.h5<k>,a0.h8->m3
input->a0.h7<v>,a2.h6->m3
a1.h8->a10.h9<k>,m5->m9
m0->a6.h3<q>,m0->a4.h6<v>
a0.h1->m9,m0->a1.h11<q>
m6->logits,a3.h8->m6
m1->a2.h11<k>,a1.h10->a10.h5<q>
m0->a6.h5<k>,a2.h4->m3
a3.h5->m9,m0->a10.h9<k>
a1.h10->a10.h5<q>,m1->a9.h3<q>
input->a0.h8<v>,a0.h6->m0
a0.h1->m2,a1.h8->a3.h1<k>
a1.h8->a6.h7<k>,m0->a4.h6<k>
a2.h1->a4.h8<q>,input->a0.h5<q>
a1.h8->a7.h3<q>,a0.h10->a3.h5<q>
a1.h8->a6.h5<k>,m2->m7
a0.h4->m3,a2.h3->a3.h5<q>
m1->a4.h6<q>,a1.h10->a6.h5<q>
m1->m9,a1.h8->a3.h3<q>
m0->a10.h9<k>,m2->m6
m0->a2.h11<v>,m4->m5
a2.h0->a4.h8<q>,a1.h8->a7.h3<q>
input->a3.h8<k>,a0.h1->m2
m0->a4.h6<q>,input->m4
m1->a10.h9<q>,m0->a3.h9<q>
m8->m10,a2.h0->a4.h8<q>
m0->a2.h7<v>,m5->m8
a0.h10->a3.h5<q>,m0->a2.h6<k>
m2->logits,a2.h7->m2
a2.h3->a3.h5<q>,m9->a10.h5<q>
m0->a10.h5<q>,m1->a10.h9<q>
m6->m7,m0->a2.h5<q>
a1.h10->a3.h10<q>,a0.h1->a2.h6<v>
a0.h11->m3,input->a3.h11<k>
a0.h10->a6.h8<q>,a1.h6->m9
m1->m10,a3.h7->m4
m0->a2.h3<v>,a0.h5->m9
a0.h1->a2.h6<v>,a1.h10->a3.h10<q>
a1.h6->m5,a0.h9->a10.h5<k>
a2.h5->m2,a0.h3->m2
a0.h10->a5.h4<q>,m1->a4.h6<q>
a4.h8->m11,a2.h10->logits
a1.h8->a11.h8<k>,a1.h8->a11.h8<k>
a3.h8->m6,m2->logits
m1->a9.h3<k>,a3.h5->m9
a1.h6->m4,m0->a6.h3<q>
a0.h9->a2.h11<q>,input->m2
m0->a3.h4<v>,m0->a6.h5<q>
a1.h8->a4.h6<q>,m3->m6
m2->a5.h6<q>,m0->a5.h4<k>
a5.h6->m7,a0.h10->a5.h4<q>
a1.h6->m9,m4->m9
a3.h7->m4,a11.h8->m11
m0->a1.h8<v>,m3->logits
input->m4,m0->a3.h4<v>
a0.h9->a10.h5<k>,a7.h8->m8
a3.h8->m3,a10.h9->logits
input->a0.h11<v>,a11.h3->logits
m4->m9,m2->a3.h7<q>
m3->logits,m0->a2.h5<k>
a1.h1->a4.h8<q>,a0.h10->a10.h5<q>
a1.h8->a3.h6<k>,m1->a2.h11<k>
a0.h3->m3,a0.h1->m9
a1.h8->a8.h7<q>,m9->a11.h0<v>
m0->a11.h0<k>,m0->a3.h8<k>
a11.h3->logits,m0->a1.h8<v>
m0->a1.h11<k>,a5.h6->m7
a1.h6->m6,a4.h11->m6
m2->m4,a10.h0->m10
input->m5,a2.h5->m2
a4.h11->m6,a0.h9->a6.h8<q>
m9->a11.h0<v>,a1.h8->a6.h7<k>
a4.h8->m5,m5->a6.h5<q>
a0.h10->a10.h5<q>,a2.h6->logits
m0->a3.h7<v>,m0->a5.h6<q>
m0->a6.h5<v>,a1.h6->m5
m2->a4.h8<q>,a1.h8->a8.h7<k>
m5->a6.h5<q>,input->a0.h11<v>
a1.h8->a8.h7<k>,a10.h5->m10
m0->a11.h8<v>,input->a0.h8<v>
a0.h6->m4,m0->a1.h1<v>
m0->a2.h11<k>,m1->m10
a0.h8->a4.h8<q>,m0->a4.h6<q>
a0.h5->m9,a2.h7->a4.h8<q>
m0->a3.h8<k>,a1.h10->a3.h7<q>
a2.h4->m3,a1.h8->a4.h3<q>
a0.h10->a5.h6<q>,a1.h11->m5
a0.h1->logits,m1->a9.h3<k>
a1.h10->a8.h10<q>,m7->a10.h5<q>
a1.h8->a4.h6<k>,a4.h7->m6
a0.h8->a3.h5<q>,a0.h11->m3
m2->a3.h7<q>,a2.h0->a3.h5<q>
a2.h7->a4.h8<q>,m1->a8.h10<q>
a11.h8->m11,a1.h8->a5.h6<k>
a8.h10->m9,m2->a5.h6<q>
a3.h0->m6,a1.h9->m2
m5->a6.h6<q>,a0.h10->a3.h10<q>
m2->a3.h8<v>,a1.h8->a4.h6<q>
a10.h5->logits,a1.h6->m6
m1->a6.h6<q>,m1->a3.h1<q>
a1.h10->a2.h11<q>,a1.h4->m2
a11.h3->m11,a5.h4->m8
m0->a2.h6<v>,m0->a6.h8<k>
a0.h10->a6.h5<q>,a11.h3->m11
m1->a3.h7<q>,input->a5.h4<q>
a1.h10->a3.h7<k>,a1.h8->a4.h1<q>
a2.h0->a3.h5<q>,m2->a3.h8<v>
m7->a8.h10<q>,input->a10.h5<k>
a1.h10->a3.h7<q>,a1.h6->m4
a1.h11->m5,a2.h7->m3
m0->a6.h4<q>,m0->a1.h11<k>
m8->m9,a3.h0->m6
a8.h9->m9,m7->a8.h10<q>
a2.h8->m4,a4.h8->m8
m1->a6.h3<q>,a0.h5->m2
m0->m11,a0.h1->logits
a4.h6->logits,m3->a4.h11<v>
m4->m5,a4.h8->m11
a4.h6->m11,a0.h8->m8
m1->a3.h2<q>,m0->a11.h0<k>
a2.h11->a4.h8<q>,m1->a3.h8<q>
a2.h0->m3,a0.h0->a4.h8<q>
input->a3.h11<k>,m1->logits
a3.h10->a4.h7<v>,a1.h10->a3.h7<k>
a1.h1->a2.h10<v>,m1->a6.h6<q>
a4.h4->m4,a0.h10->a6.h5<q>
a1.h10->a10.h9<q>,a0.h10->a10.h5<k>
a1.h8->a3.h3<k>,a0.h9->a6.h5<q>
a1.h6->m1,m2->a3.h7<k>
a0.h0->a4.h8<q>,m1->a3.h7<q>
a0.h9->a6.h8<q>,m5->a6.h6<q>
m0->a1.h5<q>,a0.h3->a4.h8<q>
a1.h8->a3.h1<k>,a1.h10->a3.h10<k>
m3->m6,a1.h10->a9.h3<q>
m0->m9,m1->a3.h2<q>
a0.h10->a3.h10<q>,a3.h8->m4
m1->a3.h8<q>,m7->m8
m1->a2.h10<q>,a2.h10->a5.h4<q>
m0->a2.h5<k>,a1.h10->a3.h1<k>
a4.h7->m6,a2.h11->a4.h8<q>
a2.h10->a5.h4<q>,a4.h4->m4
m0->a2.h5<q>,m2->m5
a2.h11->m3,m0->a4.h3<v>
m4->logits,a2.h8->m4
a0.h3->a4.h8<q>,a0.h10->a3.h7<q>
m0->a3.h10<k>,a1.h8->a7.h8<q>
a1.h10->a3.h10<k>,m1->a3.h8<k>
a1.h8->a4.h1<q>,a0.h6->m4
a2.h2->a4.h8<q>,a0.h8->a3.h5<q>
a0.h10->m0,m1->a6.h3<q>
a3.h8->m4,m1->a10.h9<k>
a2.h4->m2,m0->a6.h2<k>
a4.h8->m10,m1->a3.h11<q>
m1->a3.h1<q>,a3.h10->a4.h7<v>
a3.h0->m9,a2.h2->a4.h8<q>
a1.h9->a4.h8<q>,a8.h9->m9
input->a5.h4<q>,a1.h10->a10.h9<q>
a0.h3->m2,a1.h11->a4.h8<q>
a0.h9->a6.h5<q>,a0.h9->a3.h10<q>
a1.h10->a3.h9<q>,input->a0.h6<q>
m3->a4.h11<v>,input->a2.h11<q>
a1.h10->a3.h1<k>,m0->a3.h7<v>
a1.h8->a4.h3<q>,a0.h10->a5.h6<q>
m0->a6.h0<q>,m1->a3.h3<q>
m4->m10,a4.h8->m10
a0.h5->m5,a2.h11->m3
a1.h10->a4.h8<q>,a0.h10->a3.h8<k>
a0.h4->a4.h8<q>,a4.h6->logits
m0->a4.h3<q>,m3->m8
a1.h8->a5.h3<q>,m1->a2.h11<v>
a0.h10->m11,a0.h9->a10.h5<q>
a1.h10->a9.h3<q>,m0->a5.h4<q>
m1->a7.h4<q>,a3.h4->m3
m0->a10.h9<q>,a0.h4->a4.h8<q>
a9.h8->logits,a1.h10->a9.h3<k>
m0->a4.h4<q>,a0.h5->m5
a1.h11->a4.h8<q>,a2.h6->a3.h5<q>
m1->a2.h3<k>,m0->a8.h7<q>
a10.h9->logits,m1->m7
m9->a10.h5<q>,input->m5
a0.h6->m9,m1->a2.h3<k>
m0->a6.h7<q>,m0->a6.h4<v>
a4.h11->a5.h6<q>,m4->m6
a4.h8->m8,m8->a11.h0<v>
m6->a7.h4<q>,m9->a10.h9<q>
m1->a2.h11<v>,a1.h10->a3.h9<q>
a2.h6->a3.h5<q>,a1.h1->a4.h8<q>
m0->a6.h4<k>,a3.h0->m9
a0.h1->m3,m7->a10.h9<q>
m2->m6,a1.h8->a3.h11<q>
a7.h8->m8,a0.h9->a2.h8<k>
a0.h10->a10.h5<k>,a2.h5->m4
a1.h8->a6.h6<q>,a1.h10->a8.h10<q>
a1.h10->a4.h6<q>,m1->m11
a2.h1->m2,m0->a10.h5<q>
a1.h8->a3.h11<q>,m0->a2.h6<v>
m8->a11.h0<v>,a8.h10->m9
m1->a5.h6<q>,m1->m4
m7->a10.h5<q>,a1.h8->a6.h6<q>
m1->a3.h11<q>,a0.h9->a2.h11<q>
a6.h5->m6,a1.h10->a2.h11<q>
m2->a3.h7<k>,a1.h10->a10.h9<k>
a2.h7->m3,m0->a6.h4<q>
m0->a8.h7<q>,a0.h9->m9
a0.h9->a2.h11<k>,m0->a4.h3<q>
a9.h3->logits,a3.h7->m8
a3.h4->m3,a0.h10->a3.h10<k>
m1->a2.h11<q>,a4.h6->m11
a1.h10->a7.h4<q>,a0.h10->a9.h3<q>
a0.h9->m7,a0.h9->a5.h4<q>
input->a0.h6<q>,m1->a2.h10<q>
m2->m9,a0.h8->a4.h8<q>
m1->a2.h3<v>,a3.h0->m7
a1.h10->a5.h6<q>,input->a10.h5<q>
m0->a6.h2<k>,a0.h10->m11
m0->a3.h0<q>,m0->a6.h4<k>
a1.h1->m4,a0.h8->m4
